Wall time,Step,Value
1749373509.6029701,1,1.0912179946899414
1749376086.6100206,2,0.9807156920433044
1749378620.2582157,3,0.9035767316818237
1749381161.4834516,4,0.8878227472305298
1749383692.814395,5,0.8783292174339294
1749386339.3664675,6,0.8859259486198425
1749388995.6934574,7,0.8826541304588318
1749391636.5555947,8,0.8812885880470276
1749394268.993657,9,0.8902577757835388
1749396868.1683097,10,0.8890560269355774
1749399521.0713596,11,0.8837342262268066
1749402218.8507984,12,0.8898675441741943
1749404907.2406816,13,0.895196795463562
1749407597.2231658,14,0.8893917202949524
1749410284.3030667,15,0.8962149024009705
1749412990.9796267,16,0.884885311126709
1749415689.960382,17,0.8770101070404053
1749418395.9652805,18,0.880965530872345
1749421123.185805,19,0.8837295174598694
1749423897.3705547,20,0.8785988688468933
