Wall time,Step,Value
1748513579.7797296,1,0.7678571343421936
1748513668.12342,2,0.875
1748513759.079656,3,0.8571428656578064
1748513846.3158898,4,0.8839285969734192
1748513934.196003,5,0.9196428656578064
1748514022.920908,6,0.9017857313156128
1748514113.652637,7,0.9196428656578064
1748514202.028989,8,0.9017857313156128
1748514288.4763043,9,0.9107142686843872
1748514379.2547545,10,0.8928571343421936
1748514473.2330844,11,0.9107142686843872
1748514565.0303674,12,0.9196428656578064
1748514655.111859,13,0.9107142686843872
1748514741.4016414,14,0.9017857313156128
1748514833.0928059,15,0.9196428656578064
1748514920.2788804,16,0.9107142686843872
1748515006.9141042,17,0.9464285969734192
1748515094.7090893,18,0.9196428656578064
1748515182.737602,19,0.9375
1748515270.1245308,20,0.9464285969734192
