Wall time,Step,Value
1748513591.9859226,1,0.7678571343421936
1748513680.3624318,2,0.8571428656578064
1748513771.2428296,3,0.8303571343421936
1748513858.5646417,4,0.8571428656578064
1748513946.3748472,5,0.8482142686843872
1748514035.0144656,6,0.8482142686843872
1748514125.8851595,7,0.8571428656578064
1748514214.3203938,8,0.8660714030265808
1748514300.7069461,9,0.8392857313156128
1748514391.5317087,10,0.875
1748514485.503444,11,0.8303571343421936
1748514577.1775527,12,0.8839285969734192
1748514667.3127444,13,0.8571428656578064
1748514753.791748,14,0.875
1748514845.065155,15,0.8482142686843872
1748514932.3861113,16,0.8392857313156128
1748515019.0011094,17,0.8392857313156128
1748515106.8215978,18,0.8571428656578064
1748515194.7768784,19,0.875
1748515282.2224457,20,0.8392857313156128
